{
  "Select any product-12" : {
    "transaction" : "Select any product-12",
    "sampleCount" : 61,
    "errorCount" : 30,
    "errorPct" : 49.18033,
    "meanResTime" : 97.96721311475409,
    "medianResTime" : 149.0,
    "minResTime" : 0.0,
    "maxResTime" : 632.0,
    "pct1ResTime" : 190.00000000000006,
    "pct2ResTime" : 242.6,
    "pct3ResTime" : 632.0,
    "throughput" : 2.1278080089298173,
    "receivedKBytesPerSec" : 5.613428953885866,
    "sentKBytesPerSec" : 0.7941127738244733
  },
  "Select any product" : {
    "transaction" : "Select any product",
    "sampleCount" : 70,
    "errorCount" : 30,
    "errorPct" : 42.857143,
    "meanResTime" : 85.37142857142857,
    "medianResTime" : 0.0,
    "minResTime" : 0.0,
    "maxResTime" : 632.0,
    "pct1ResTime" : 181.9,
    "pct2ResTime" : 240.8,
    "pct3ResTime" : 632.0,
    "throughput" : 1.0244252242759508,
    "receivedKBytesPerSec" : 2.355091850697341,
    "sentKBytesPerSec" : 0.33316686423438846
  },
  "Click on any category``" : {
    "transaction" : "Click on any category``",
    "sampleCount" : 309,
    "errorCount" : 0,
    "errorPct" : 0.0,
    "meanResTime" : 143.7411003236247,
    "medianResTime" : 159.0,
    "minResTime" : 0.0,
    "maxResTime" : 1355.0,
    "pct1ResTime" : 184.0,
    "pct2ResTime" : 221.5,
    "pct3ResTime" : 1089.4999999999977,
    "throughput" : 2.773638762723731,
    "receivedKBytesPerSec" : 7.79151467941583,
    "sentKBytesPerSec" : 1.4537550154390249
  },
  "Add to cart-13" : {
    "transaction" : "Add to cart-13",
    "sampleCount" : 61,
    "errorCount" : 0,
    "errorPct" : 0.0,
    "meanResTime" : 260.47540983606575,
    "medianResTime" : 167.0,
    "minResTime" : 149.0,
    "maxResTime" : 1866.0,
    "pct1ResTime" : 498.6000000000007,
    "pct2ResTime" : 830.4999999999998,
    "pct3ResTime" : 1866.0,
    "throughput" : 2.1192329071706504,
    "receivedKBytesPerSec" : 9.652443631878821,
    "sentKBytesPerSec" : 1.4693900039952752
  },
  "Proceed to checkout" : {
    "transaction" : "Proceed to checkout",
    "sampleCount" : 61,
    "errorCount" : 0,
    "errorPct" : 0.0,
    "meanResTime" : 426.3606557377048,
    "medianResTime" : 475.0,
    "minResTime" : 0.0,
    "maxResTime" : 2037.0,
    "pct1ResTime" : 538.4000000000001,
    "pct2ResTime" : 558.2,
    "pct3ResTime" : 2037.0,
    "throughput" : 2.1313021906991367,
    "receivedKBytesPerSec" : 7.203312799168443,
    "sentKBytesPerSec" : 1.1771568516124524
  },
  "Add to cart" : {
    "transaction" : "Add to cart",
    "sampleCount" : 61,
    "errorCount" : 0,
    "errorPct" : 0.0,
    "meanResTime" : 260.50819672131166,
    "medianResTime" : 167.0,
    "minResTime" : 149.0,
    "maxResTime" : 1866.0,
    "pct1ResTime" : 498.6000000000007,
    "pct2ResTime" : 830.4999999999998,
    "pct3ResTime" : 1866.0,
    "throughput" : 2.118055555555556,
    "receivedKBytesPerSec" : 9.647081163194445,
    "sentKBytesPerSec" : 1.4685736762152777
  },
  "Total" : {
    "transaction" : "Total",
    "sampleCount" : 792,
    "errorCount" : 30,
    "errorPct" : 3.7878788,
    "meanResTime" : 400.38888888888897,
    "medianResTime" : 207.0,
    "minResTime" : 0.0,
    "maxResTime" : 2216.0,
    "pct1ResTime" : 708.7,
    "pct2ResTime" : 807.1999999999989,
    "pct3ResTime" : 1743.3499999999997,
    "throughput" : 7.02532487692376,
    "receivedKBytesPerSec" : 27.422353167827204,
    "sentKBytesPerSec" : 3.9472840760411585
  },
  "Enter the store" : {
    "transaction" : "Enter the store",
    "sampleCount" : 310,
    "errorCount" : 0,
    "errorPct" : 0.0,
    "meanResTime" : 722.9516129032262,
    "medianResTime" : 658.0,
    "minResTime" : 581.0,
    "maxResTime" : 2216.0,
    "pct1ResTime" : 813.8000000000004,
    "pct2ResTime" : 1302.8499999999997,
    "pct3ResTime" : 1989.5299999999988,
    "throughput" : 2.7454036628998546,
    "receivedKBytesPerSec" : 13.93649545071115,
    "sentKBytesPerSec" : 1.6266845348533423
  },
  "Click on any category" : {
    "transaction" : "Click on any category",
    "sampleCount" : 230,
    "errorCount" : 0,
    "errorPct" : 0.0,
    "meanResTime" : 193.11304347826098,
    "medianResTime" : 164.5,
    "minResTime" : 146.0,
    "maxResTime" : 1355.0,
    "pct1ResTime" : 192.60000000000002,
    "pct2ResTime" : 264.5999999999999,
    "pct3ResTime" : 1123.46,
    "throughput" : 2.5215980353462264,
    "receivedKBytesPerSec" : 9.516527259297021,
    "sentKBytesPerSec" : 1.7756110078717713
  },
  "enter the store" : {
    "transaction" : "enter the store",
    "sampleCount" : 310,
    "errorCount" : 0,
    "errorPct" : 0.0,
    "meanResTime" : 722.9258064516132,
    "medianResTime" : 658.0,
    "minResTime" : 581.0,
    "maxResTime" : 2216.0,
    "pct1ResTime" : 813.8000000000004,
    "pct2ResTime" : 1302.8499999999997,
    "pct3ResTime" : 1989.5299999999988,
    "throughput" : 2.749811504856522,
    "receivedKBytesPerSec" : 13.958870983390252,
    "sentKBytesPerSec" : 1.629296233977913
  },
  "Proceed to checkout-14" : {
    "transaction" : "Proceed to checkout-14",
    "sampleCount" : 50,
    "errorCount" : 0,
    "errorPct" : 0.0,
    "meanResTime" : 520.1600000000001,
    "medianResTime" : 483.0,
    "minResTime" : 433.0,
    "maxResTime" : 2037.0,
    "pct1ResTime" : 548.5,
    "pct2ResTime" : 629.6499999999993,
    "pct3ResTime" : 2037.0,
    "throughput" : 2.0785699438786116,
    "receivedKBytesPerSec" : 8.570609670546665,
    "sentKBytesPerSec" : 1.4005988879650801
  }
}